Artist,Genres,num_hits,num_collab_hits
Xavi,"banda, corrido, corridos bélicos, corridos tumbados, electro corridos, latin, música mexicana, sad sierreño, sierreño",5,2
Tate McRae,,4,0
Taylor Swift,"baroque pop, pop",51,3
Jack Harlow,"k-pop, pop",2,1
Mitski,,1,0
Jung Kook,"hip hop, k-pop, k-rap, pop",5,3
Latto,"k-pop, pop",1,1
The Weeknd,"brazilian pop, electro, electronic, french house, funk, funk carioca, funk pop, hip hop, k-pop, latin, pagode baiano, pop, r&b, rage rap, rap",22,14
JENNIE,"hip hop, k-pop, k-rap, pop",4,3
Lily-Rose Depp,"k-pop, pop",2,2
Peso Pluma,"banda, brazilian pop, corrido, corridos bélicos, corridos tumbados, dembow, electro corridos, funk, funk carioca, funk pop, grupera, hip hop, latin, mariachi, música mexicana, norteño, pagode baiano, pop, r&b, ranchera, reggaeton, reggaeton mexa, sad sierreño, sierreño, urbano latino",29,28
Anitta,"argentine trap, banda, brazilian pop, corrido, corridos bélicos, corridos tumbados, electro corridos, funk, funk carioca, funk pop, hip hop, latin, música mexicana, pagode baiano, pop, r&b, sad sierreño, urbano latino",4,4
Doja Cat,,3,1
Bad Bunny,"banda, corrido, corridos bélicos, corridos tumbados, cumbia norteña, grupera, latin, música mexicana, norteño, reggaeton, tejano, trap latino, urbano latino",10,6
Feid,"latin, reggaeton, trap latino, urbano latino",13,11
KAROL G,"banda, big room, corrido, corridos bélicos, corridos tumbados, dance, edm, electro corridos, electronic, house, latin, latin pop, música mexicana, pop, reggaeton, sad sierreño, trance, urbano latino",7,4
Calle 24,"banda, corrido, corridos bélicos, corridos tumbados, electro corridos, latin, música mexicana, sad sierreño, sierreño",2,2
Chino Pacas,"banda, corrido, corridos bélicos, corridos tumbados, electro corridos, latin, música mexicana, sad sierreño, sierreño",5,4
Fuerza Regida,"banda, corrido, corridos bélicos, corridos tumbados, cumbia norteña, edm, electro corridos, electronic, grupera, latin, música mexicana, norteño, sad sierreño, sierreño, tejano",10,6
Tyla,"afrobeats, dancehall, hip hop, melodic rap, r&b, traditional music",3,1
Marshmello,"banda, corrido, corridos bélicos, corridos tumbados, edm, electro corridos, electronic, latin, música mexicana, sad sierreño, sierreño",1,1
Arctic Monkeys,"garage rock, indie, rock",5,0
Noah Kahan,country,4,2
Harry Styles,,2,0
Kenya Grace,,2,0
Maluma,"banda, corrido, grupera, latin, música mexicana, norteño, ranchera, reggaeton, sad sierreño, sierreño, urbano latino",3,2
Carin Leon,"banda, corrido, corridos bélicos, corridos tumbados, cumbia norteña, grupera, latin, música mexicana, norteño, ranchera, reggaeton, sad sierreño, sierreño, tejano, urbano latino",4,2
ATL Jacob,"latin, reggaeton, urbano latino",1,1
Playboi Carti,"hip hop, pop, rage rap, rap, trap",7,6
Madonna,"hip hop, rage rap",2,2
Grupo Frontera,"banda, corrido, corridos bélicos, corridos tumbados, cuarteto, cumbia, cumbia norteña, electro corridos, grupera, latin, música mexicana, norteño, ranchera, reggaeton, sad sierreño, sierreño, tejano, trap latino, urbano latino",8,6
Grupo Firme,"banda, corrido, corridos bélicos, corridos tumbados, cumbia norteña, grupera, latin, música mexicana, norteño, sierreño, tejano",2,1
Dua Lipa,"edm, electronic, pop",15,2
Daft Punk,"electro, electronic, french house, hip hop",1,1
Lauana Prado,"latin, sertanejo, sertanejo universitário",1,0
Luan Santana,"agronejo, arrocha, country, latin, piseiro, sertanejo, sertanejo universitário",2,2
Ana Castela,"agronejo, arrocha, brazilian pop, country, forró, funk, funk carioca, funk pop, hip hop, latin, pagode, pagode baiano, piseiro, pop, r&b, samba, sertanejo, sertanejo universitário",4,4
Gabito Ballesteros,"banda, corrido, corridos bélicos, corridos tumbados, electro corridos, latin, música mexicana, sad sierreño, sierreño",7,7
Junior H,"banda, corrido, corridos bélicos, corridos tumbados, electro corridos, latin, música mexicana, sad sierreño, sierreño, trap latino, urbano latino",12,9
Olivia Rodrigo,,11,0
David Guetta,"dance, edm, electronic, pop, soft pop",4,4
Bebe Rexha,"dance, edm, electronic",1,1
SZA,"hip hop, r&b, rap, west coast hip hop",25,7
iñigo quintero,,1,0
Miley Cyrus,,5,2
Myke Towers,"argentine trap, hip hop, latin, reggaeton, trap, trap latino, urbano latino",7,5
David Kushner,,3,0
Oscar Maydon,"banda, corrido, corridos bélicos, corridos tumbados, dembow, electro corridos, latin, música mexicana, sad sierreño, sierreño",8,8
Rema,"afrobeat, afrobeats, afropiano, afropop, pop, r&b, traditional music",1,1
Selena Gomez,"afrobeat, afrobeats, afropiano, afropop, pop, r&b, soft pop, traditional music",4,3
cassö,"electronic, grime, pop, uk drill",1,1
RAYE,"electronic, grime, pop, uk drill",1,1
D-Block Europe,"electronic, grime, pop, uk drill",1,1
UMI,"k-pop, pop",1,1
V,"christmas, jazz, k-ballad, k-pop, pop",5,3
Lord Huron,,1,0
Rihanna,"edm, electronic, hip hop, rap",9,4
Calvin Harris,"edm, electronic, pop",7,5
Eslabon Armado,"banda, corrido, corridos bélicos, corridos tumbados, electro corridos, latin, música mexicana, sad sierreño, sierreño",3,3
JID,"hip hop, rap",3,3
21 Savage,"afrobeat, afrobeats, afropiano, afropop, afroswing, alternative r&b, dancehall, drill, hip hop, melodic rap, pop, r&b, rap, traditional music, trap",19,13
Baby Tate,,1,1
Billie Eilish,"art pop, hyperpop, pop",19,3
Gunna,"afrobeats, dancehall, hip hop, melodic rap, r&b, traditional music",4,1
Vishal Mishra,"bollywood, desi, hindi pop, hip hop, pop",1,1
Raj Shekhar,"bollywood, desi, hindi pop, hip hop, pop",1,1
Zach Bryan,"country, folk/acoustic, red dirt, singer-songwriter",12,2
Kacey Musgraves,"country, red dirt",1,1
Jimin,"hip hop, k-pop, k-rap, pop",10,3
The Neighbourhood,,4,0
Quevedo,"latin, reggaeton, trap latino, urbano latino",7,2
Vance Joy,"folk pop, pop",2,0
The Killers,"alternative rock, rock",1,0
Manuel Turizo,"colombian pop, latin, pop, reggaeton",1,0
Black Eyed Peas,,1,0
Tyler,"hip hop, rap",17,17
The Creator,"hip hop, rap",17,17
Kali Uchis,"banda, corrido, corridos bélicos, corridos tumbados, electro corridos, latin, música mexicana, sad sierreño",4,3
Los Dareyes De La Sierra,"banda, corrido, corridos bélicos, corridos tumbados, electro corridos, latin, música mexicana, sad sierreño, sierreño",1,1
Tom Odell,"electronic, tropical house",2,1
Manu,"agronejo, arrocha, brega, country, forró, latin, piseiro, seresta, sertanejo, sertanejo universitário, tecnobrega",1,1
Simone Mendes,"agronejo, arrocha, brega, country, forró, latin, piseiro, seresta, sertanejo, sertanejo universitário, tecnobrega",5,2
Elton John,"pop, soft pop",3,2
PNAU,pop,1,1
Dj GBR,"brazilian funk, brazilian trap, electronic, funk, funk consciente, hip hop, latin, r&b, trap funk",1,1
Mc IG,"brazilian funk, brazilian hip hop, brazilian trap, electronic, funk, funk consciente, hip hop, latin, r&b, trap, trap funk",3,3
MC Ryan SP,"agronejo, brazilian funk, brazilian hip hop, brazilian trap, country, electronic, funk, funk consciente, hip hop, latin, piseiro, r&b, sertanejo, sertanejo universitário, trap, trap funk",3,3
MC PH,"brazilian funk, brazilian hip hop, brazilian trap, electronic, funk, funk consciente, hip hop, latin, r&b, trap, trap funk",2,2
Mc Davi,"brazilian funk, brazilian trap, electronic, funk, funk consciente, hip hop, latin, r&b, trap funk",1,1
Mc Luki,"brazilian funk, brazilian hip hop, brazilian trap, electronic, funk, funk consciente, hip hop, latin, r&b, trap, trap funk",2,2
Mc Don Juan,"brazilian funk, brazilian trap, electronic, funk, funk consciente, hip hop, latin, r&b, trap funk",1,1
Mc Kadu,"brazilian funk, brazilian trap, electronic, funk, funk consciente, hip hop, latin, r&b, trap funk",1,1
TrapLaudo,"brazilian funk, brazilian hip hop, brazilian trap, electronic, funk, funk consciente, hip hop, latin, r&b, trap, trap funk",2,2
MC GP,"brazilian funk, brazilian hip hop, brazilian trap, electronic, funk, funk consciente, hip hop, latin, r&b, trap, trap funk",2,2
MC GH do 7,"brazilian funk, brazilian hip hop, brazilian trap, electronic, funk, funk consciente, hip hop, latin, r&b, trap, trap funk",2,2
Drake,"afro house, afrobeat, afrobeats, afropiano, afropop, afroswing, azonto, dancehall, electronic, hip hop, latin house, melodic rap, pop, r&b, rage rap, rap, traditional music, trap",13,9
Yeat,"hip hop, rage rap, rap",7,2
Nicki Minaj,"emo rap, hip hop, melodic rap",4,2
Coldplay,"afrobeat, afrobeats, afropiano, afropop, afroswing, dancehall, latin pop, pop, r&b, traditional music",13,3
Luck Ra,"argentine trap, cuarteto, cumbia, hip hop, latin, rkt, trap, trap latino, turreo",3,3
BM,"argentine trap, cuarteto, cumbia, hip hop, latin, rkt, turreo",1,1
Gusttavo Lima,"agronejo, arrocha, country, forró, latin, piseiro, sertanejo, sertanejo universitário",3,1
Zé Neto & Cristiano,"agronejo, arrocha, country, latin, piseiro, sertanejo, sertanejo universitário",3,1
Bellakath,"electro corridos, electronic, latin, neoperreo, reggaeton, reggaeton mexa",1,1
Dani Flow,"electro corridos, electronic, latin, neoperreo, reggaeton, reggaeton mexa",1,1
a-ha,"new wave, pop, rock, synthpop",1,0
Jere Klein,"chilean mambo, chilean trap, hip hop, latin, mambo, reggaeton chileno, rkt, turreo",1,1
Gittobeatz,"chilean mambo, chilean trap, hip hop, latin, mambo, reggaeton chileno, rkt, turreo",1,1
Sexyy Red,"hip hop, r&b, rap",4,3
Post Malone,"alt country, americana, bluegrass, country, country hip hop, country rock, hip hop, honky tonk, rock, southern rock",21,20
Swae Lee,,2,2
Glass Animals,,1,0
Macklemore,,1,1
Ryan Lewis,,1,1
Macklemore & Ryan Lewis,,1,1
Ray Dalton,,1,1
ABBA,,2,0
The Kid LAROI,,5,1
Justin Bieber,,7,3
Young Miko,"argentine trap, hip hop, k-pop, latin, pop, reggaeton, trap latino, urbano latino",4,4
Anuv Jain,"hindi indie, hindi pop, indian indie, pop, rock",2,0
OneRepublic,"dance, edm, electronic, pop, soft pop",3,1
JC NO BEAT,"brazilian funk, funk, hip hop, r&b",1,1
DJ F7,"brazilian funk, funk, hip hop, r&b",1,1
MC Meno Dani,"brazilian funk, funk, hip hop, r&b",1,1
Silva Mc,"brazilian funk, funk, hip hop, r&b",1,1
Teddy Swims,,3,0
Alex Favela,"banda, corrido, corridos bélicos, corridos tumbados, electro corridos, latin, música mexicana, norteño, reggaeton mexa, sad sierreño, sierreño",1,1
Grupo Marca Registrada,"banda, corrido, corridos bélicos, corridos tumbados, electro corridos, latin, música mexicana, norteño, reggaeton mexa, sad sierreño, sierreño",2,2
Joaquin Medina,"banda, corrido, corridos bélicos, corridos tumbados, electro corridos, latin, música mexicana, norteño, reggaeton mexa, sad sierreño, sierreño",1,1
Tito Double P,"banda, corrido, corridos bélicos, corridos tumbados, cumbia norteña, dembow, electro corridos, grupera, latin, música mexicana, norteño, sad sierreño, sierreño, tejano",14,11
Grupo Menos É Mais,"arrocha, country, forró, latin, pagode, piseiro, samba, sertanejo, sertanejo universitário",3,1
Matheus Fernandes,"arrocha, country, forró, latin, pagode, piseiro, samba, sertanejo, sertanejo universitário",1,1
Travis Scott,"afro adura, afrobeat, afrobeats, afropiano, afropop, afroswing, amapiano, electronic, hip hop, melodic rap, pop, r&b, rage rap, rap, southern hip hop, traditional music, trap",20,12
Tears For Fears,"new wave, pop, rock, synthpop",1,0
Bruno Mars,"art pop, k-pop, pop",12,4
Metro Boomin,"afrobeat, afrobeats, afropiano, afropop, afroswing, dancehall, drill, hip hop, melodic rap, new jack swing, pop, r&b, rage rap, rap, southern hip hop, traditional music, trap, west coast hip hop",38,38
Sabrina Carpenter,,18,0
Natanael Cano,"argentine trap, banda, corrido, corridos bélicos, corridos tumbados, electro corridos, hip hop, latin, latin pop, música mexicana, pop, sad sierreño, sierreño, trap latino, urbano latino",15,13
Eminem,"country, country hip hop, emo rap, hip hop, melodic rap, pinoy hip hop, pinoy r&b, r&b, rap",28,14
Arijit Singh,"bangla pop, bhajan, bollywood, desi, devotional, gujarati garba, gujarati pop, hindi pop, hip hop, jazz, new age, pop, sufi, traditional music",2,2
Shreyas Puranik,"bangla pop, bhajan, bollywood, desi, devotional, gujarati garba, gujarati pop, hindi pop, hip hop, jazz, new age, pop, sufi, traditional music",1,1
Siddharth - Garima,"bangla pop, bhajan, bollywood, desi, devotional, gujarati garba, gujarati pop, hindi pop, hip hop, jazz, new age, pop, sufi, traditional music",1,1
Cigarettes After Sex,"dream pop, pop",3,0
Yng Lvcas,"banda, corrido, corridos bélicos, corridos tumbados, electro corridos, latin, música mexicana, reggaeton, reggaeton mexa, sad sierreño",1,1
Kanye West,"drill, hip hop, neo soul, r&b, rage rap, rap, smooth r&b, trap",45,43
Lewis Capaldi,"pop, soft pop",1,0
Peggy Gou,,1,0
Tony Aguirre,"banda, corrido, corridos bélicos, corridos tumbados, electro corridos, latin, música mexicana, sad sierreño, sierreño",1,1
Don Omar,"latin, reggaeton, urbano latino",1,1
Lucenzo,"latin, reggaeton, urbano latino",1,1
Eugenio Esquivel,"banda, corrido, corridos bélicos, corridos tumbados, electro corridos, latin, música mexicana, norteño, sad sierreño, sierreño",1,1
Sebastian Esquivel,"banda, corrido, corridos bélicos, corridos tumbados, electro corridos, latin, música mexicana, norteño, sad sierreño, sierreño",1,1
Los Esquivel,"banda, corrido, corridos bélicos, corridos tumbados, electro corridos, latin, música mexicana, norteño, sad sierreño, sierreño",1,1
d4vd,,4,1
Wizkid,"afro adura, afrobeat, afrobeats, afropiano, afropop, afroswing, amapiano, azonto, dancehall, electronic, hip hop, pop, r&b, rap, traditional music",4,3
Kyla,"afrobeat, afrobeats, afropiano, afropop, afroswing, azonto, dancehall, hip hop, pop, r&b, rap, traditional music",1,1
Guilherme & Benuto,"agronejo, arrocha, country, forró, latin, piseiro, sertanejo, sertanejo universitário",1,1
The Police,,1,0
The Walters,,1,0
J. Cole,"alternative r&b, crunk, drill, east coast hip hop, electronic, grime, hip hop, neo soul, pop, r&b, rap, southern hip hop, trap, uk drill",16,8
Lady Gaga,"art pop, pop",4,1
Rauw Alejandro,"afro soul, afrobeat, afrobeats, afropiano, afropop, bachata, bachata pop, hip hop, italo dance, latin, latin pop, latin r&b, pop, r&b, reggaeton, traditional music, trap, trap latino, urbano latino",20,12
Keane,,1,0
Paul Russell,,1,0
Frank Ocean,,3,0
Lana Del Rey,,5,2
Darell,"dembow, latin, reggaeton, trap latino, urbano latino",1,0
Big One,"argentine trap, cuarteto, cumbia, hip hop, latin",3,3
FMK,"argentine trap, cuarteto, cumbia, hip hop, latin",1,1
Ke Personajes,"argentine trap, banda, corrido, corridos bélicos, corridos tumbados, cuarteto, cumbia, cumbia norteña, grupera, hip hop, latin, música mexicana, norteño, tejano, urbano latino",3,3
LE SSERAFIM,"k-pop, pop",6,0
Creedence Clearwater Revival,"classic rock, country rock, rock, southern rock",2,0
Ariana Grande,"art pop, christmas, classical, hyperpop, jazz, musicals, pop, r&b",30,11
Tony Camargo,"latin, música tropical",1,0
NewJeans,"k-pop, pop",4,0
Morgan Wallen,country,8,3
Whitney Houston,,2,0
Sophie Ellis-Bextor,,2,0
Hotel Ugly,,1,0
Dave,"drill, electronic, grime, hip hop, pop, uk drill",1,1
Central Cee,"drill, electronic, grime, hip hop, pop, rap, uk drill",4,4
Dwele,"hip hop, neo soul, r&b, rap, smooth r&b",1,1
Conan Gray,,1,0
Lil Tecca,"hip hop, melodic rap, rap",2,0
50 Cent,"east coast hip hop, hip hop",1,0
JVKE,,1,0
Avicii,"edm, electronic",1,0
Plan B,"latin, reggaeton",1,0
Luan Pereira,"agronejo, arrocha, brazilian funk, brazilian trap, country, electronic, funk, funk consciente, hip hop, latin, piseiro, r&b, sertanejo, sertanejo universitário, trap funk",7,7
Mc Daniel,"agronejo, brazilian funk, brazilian trap, country, electronic, funk, funk consciente, hip hop, latin, piseiro, r&b, sertanejo, sertanejo universitário, trap funk",2,2
Shakira,"latin, latin pop, pop, reggaeton, urbano latino",4,3
Khalid,,1,1
Journey,"album rock, classic rock, rock",1,0
Juice WRLD,"emo rap, hip hop, melodic rap, rap",12,4
Michael Jackson,,3,0
Adele,"pop, soft pop",5,0
Ed Sheeran,"pop, soft pop",5,1
Emilia,"argentine trap, brazilian pop, cumbia, cumbia sonidera, funk, funk carioca, funk pop, hip hop, latin, latin pop, pagode baiano, pop, r&b, rkt, salsa, trap, turreo, urbano latino",4,4
TINI,"afrobeat, afrobeats, afropiano, afropop, afroswing, argentine trap, dancehall, hip hop, latin pop, pop, r&b, traditional music",3,3
Ruth B.,,1,0
Coolio,"g-funk, hip hop, new jack swing, r&b, west coast hip hop",1,1
L.V.,"g-funk, hip hop, new jack swing, r&b, west coast hip hop",1,1
Nadhif Basalamah,"indonesian pop, malay, pop",1,0
Chencho Corleone,"latin, reggaeton, trap latino, urbano latino",1,1
Queen,"classic rock, glam rock, rock",2,0
Pusha T,"hip hop, rap",1,1
Uzielito Mix,"chilean mambo, chilean trap, electro corridos, hip hop, latin, mambo, reggaeton, reggaeton chileno, reggaeton mexa",1,1
Yeri Mua,"chilean mambo, chilean trap, electro corridos, hip hop, latin, mambo, reggaeton, reggaeton chileno, reggaeton mexa",1,1
El Jordan 23,"chilean mambo, chilean trap, electro corridos, hip hop, latin, mambo, reggaeton, reggaeton chileno, reggaeton mexa",1,1
Dj Kiire,"chilean mambo, chilean trap, electro corridos, hip hop, latin, mambo, reggaeton, reggaeton chileno, reggaeton mexa",1,1
Tory Lanez,,1,0
TV Girl,,3,0
Tropa do Bruxo,"brazilian funk, brazilian trap, funk, funk carioca, funk de bh, hip hop, r&b",1,1
DJ Ws da Igrejinha,"brazilian funk, brazilian trap, funk, funk carioca, funk de bh, hip hop, r&b",2,2
SMU,"brazilian funk, brazilian trap, funk, funk carioca, funk de bh, hip hop, r&b",1,1
Triz,"brazilian funk, brazilian trap, funk, funk carioca, funk de bh, hip hop, r&b",1,1
Mc Menor Thalis,"brazilian funk, brazilian trap, funk, funk carioca, funk de bh, hip hop, r&b",1,1
Imagine Dragons,"electronic, tropical house",8,2
Hozier,"folk, folk/acoustic",9,1
Steve Lacy,,1,0
BENNETT,"hip hop, techno",1,0
Future,"hip hop, new jack swing, r&b, rage rap, rap, southern hip hop, west coast hip hop",39,32
Don Toliver,"hip hop, jersey club, pop, rap, sexy drill",8,3
Miguel,r&b,1,0
Linkin Park,"alternative metal, metal, nu metal, rap metal, rock",19,0
Young Thug,"hip hop, melodic rap, rap, southern hip hop, trap",4,4
Stephen Sanchez,,1,1
Em Beihold,,1,1
New West,,1,0
Radiohead,"alternative rock, art rock, rock",1,0
FIFTY FIFTY,"k-pop, pop",1,0
Kendrick Lamar,"hip hop, hyphy, melodic rap, mexican hip hop, r&b, rap, west coast hip hop",32,17
Jay Rock,"hip hop, west coast hip hop",1,1
One Direction,,10,0
The Goo Goo Dolls,,1,0
James Arthur,"pop, soft pop",1,0
DJ Snake,,1,1
Richy Mitch & The Coal Miners,,1,0
Fleetwood Mac,"classic rock, rock, soft rock",1,0
Maroon 5,"hip hop, pop, rap",2,1
The Chainsmokers,,2,2
Bring Me The Horizon,"emo, metal, metalcore, post-hardcore, rock, screamo",1,0
Luciano,"german hip hop, hip hop",1,0
Marvin Gaye,"motown, northern soul, quiet storm, r&b, soul",1,1
Tammi Terrell,"motown, northern soul, quiet storm, r&b, soul",1,1
AUR,"hindi hip hop, hindi indie, hip hop, indian indie, rock",1,0
Shawn Mendes,pop,2,0
Bizarrap,"argentine trap, banda, corrido, corridos bélicos, corridos tumbados, electro corridos, hip hop, latin, música mexicana, sad sierreño, sierreño, trap latino, urbano latino",4,4
Mesita,"argentine trap, hip hop, latin, rkt, trap, turreo, urbano latino",1,1
Nicki Nicole,"argentine trap, hip hop, latin, rkt, trap, trap latino, turreo, urbano latino",2,2
Tiago PZK,"argentine trap, brazilian pop, cuarteto, cumbia, funk, funk carioca, funk pop, hip hop, latin, pagode baiano, pop, r&b, rkt, trap, trap latino, turreo, urbano latino",4,4
Natasha Bedingfield,,1,0
Gaby Music,"latin, reggaeton, trap latino",1,1
Lunay,"latin, reggaeton, trap latino",1,1
Luar La L,"dembow, hip hop, latin, reggaeton, trap, trap latino, urbano latino",2,2
Lil Durk,"drill, hip hop, rap",1,1
Brent Faiyaz,"afrobeat, afrobeats, afropiano, afropop, afroswing, azonto, dancehall, pop, r&b, traditional music",2,2
Summer Walker,r&b,2,2
Burna Boy,"afrobeat, afrobeats, afropiano, afropop, afroswing, dancehall, latin pop, pop, r&b, traditional music",3,3
Tommy Newport,,1,1
Mikky Ekko,,1,1
Lil Nas X,,1,0
Mariah the Scientist,"alternative r&b, r&b",1,1
Flo Milli,,2,0
Oscar Ortiz,"banda, corrido, corridos bélicos, corridos tumbados, electro corridos, latin, música mexicana, sad sierreño",1,1
Edgardo Nuñez,"banda, corrido, corridos bélicos, corridos tumbados, electro corridos, latin, música mexicana, sad sierreño",1,1
Kid Cudi,"dance, edm, electronic, hip hop, rap",2,2
Creepy Nuts,"anime, hip hop, j-pop, j-rap, pop",2,0
Wiz Khalifa,"hip hop, pop, rap",1,1
Lukas Graham,,1,0
Benson Boone,,7,0
Sam Fender,,1,1
Eladio Carrion,"argentine trap, hip hop, latin, reggaeton, trap, trap latino, urbano latino",4,2
Kygo,"electronic, tropical house",3,3
Ava Max,"electronic, tropical house",4,2
Milo j,"argentine trap, hip hop, latin, trap, trap latino, urbano latino",3,2
Ofenbach,,1,1
Norma Jean Martine,,1,1
KHEA,"argentine trap, cuarteto, cumbia, hip hop, latin, trap, trap latino, urbano latino",3,3
PEDRO SAMPAIO,"brazilian funk, brazilian pop, brega funk, funk, funk carioca, funk pop, hip hop, pop, r&b",1,0
Jubin Nautiyal,"bhajan, bollywood, desi, desi pop, devotional, hindi pop, hip hop, new age, pop",1,1
Payal Dev,"bhajan, bollywood, desi, desi pop, devotional, hindi pop, hip hop, new age, pop",1,1
Manoj Muntashir,"bhajan, bollywood, desi, desi pop, devotional, hindi pop, hip hop, new age, pop",1,1
Chris Brown,r&b,1,0
Christian Nodal,"banda, corrido, corridos bélicos, corridos tumbados, electro corridos, grupera, latin, mariachi, música mexicana, norteño, ranchera, sad sierreño",1,1
Blessd,"latin, reggaeton, trap latino, urbano latino",5,5
Justin Timberlake,,1,0
Ice Spice,"drill, electronic, grime, hip hop, pop, uk drill",2,1
Megan Thee Stallion,"hip hop, j-rap, k-pop, k-rap, pop",4,3
YG Marley,,2,0
4batz,"hip hop, rap",2,1
Rich Amiri,"hip hop, rage rap",1,0
Michael Marcagi,,1,0
Good Neighbours,,2,0
TWICE,"k-pop, pop",3,1
Blake Roman,,2,2
Sam Haft,,2,2
Andrew Underberg,,2,2
Keith David,,1,1
Luke Combs,country,6,3
Jason Mraz,"acoustic pop, pop, soft pop",1,0
Toby Keith,country,2,0
Tracy Chapman,,1,0
Mitraz,"desi, desi pop, hindi indie, hindi pop, hip hop, indian indie, pop, rock",1,0
TWENTY SIX,"electronic, latin house, tech house",2,2
Tayson Kryss,"electronic, latin house, tech house",2,2
Geolier,"canzone napoletana, folk/acoustic, hip hop, italian trap, neomelodico, traditional music",1,1
Michelangelo,"canzone napoletana, folk/acoustic, hip hop, italian trap, neomelodico, traditional music",1,1
Annalisa,"italo dance, pop",2,0
Mahmood,,2,0
Angelina Mango,,1,0
Irama,,1,0
Roddy Ricch,"hip hop, melodic rap, west coast hip hop",3,2
¥$,"drill, hip hop, rage rap, rap, trap",40,40
Ty Dolla $ign,"drill, hip hop, rage rap, rap, trap",41,41
North West,"hip hop, rap",0,0
Ivete Sangalo,"axé, brazilian pop, funk, funk carioca, funk pop, hip hop, latin, mpb, pagode, pagode baiano, pop, r&b, samba",1,1
LUDMILLA,"agronejo, axé, brazilian pop, country, funk, funk carioca, funk pop, hip hop, latin, mpb, pagode, pagode baiano, piseiro, pop, r&b, samba, sertanejo, sertanejo universitário",2,2
Parangolé,"arrocha, axé, brazilian pop, country, forró, latin, pagode, pagode baiano, piseiro, pop",1,1
Léo Santana,"arrocha, axé, brazilian pop, country, forró, latin, pagode, pagode baiano, piseiro, pop",1,1
Madison Beer,,1,0
AgroPlay,"agronejo, brazilian pop, country, funk, funk carioca, funk pop, hip hop, latin, pagode, pagode baiano, piseiro, pop, r&b, samba, sertanejo, sertanejo universitário",1,1
TR,"brazilian funk, funk, funk de bh, hip hop, r&b",1,1
Mc Menor RV,"brazilian funk, funk, funk de bh, hip hop, r&b",1,1
Tropa da W&S,"brazilian funk, funk, funk de bh, hip hop, r&b",1,1
USHER,"crunk, hip hop, neo soul, r&b, southern hip hop",4,3
Lil Jon,"crunk, hip hop, r&b, southern hip hop",1,1
Ludacris,"crunk, hip hop, r&b, southern hip hop",1,1
FloyyMenor,"chilean mambo, chilean trap, hip hop, latin, reggaeton, reggaeton chileno",7,5
Cris Mj,"chilean mambo, chilean trap, hip hop, latin, reggaeton, reggaeton chileno",4,3
Ghali,"hip hop, italian trap",1,0
Pitbull,"big room, edm, electronic, latin, latin dance, r&b",4,4
Beyoncé,"country, country hip hop, east coast hip hop, hip hop, honky tonk, rap, rock, traditional country",29,10
Alicia Keys,"neo soul, r&b",2,1
PARTYNEXTDOOR,r&b,2,0
John Legend,"motown, neo soul, pop, r&b, soft pop, soul",2,1
Rich The Kid,"hip hop, rage rap, rap, trap",0,0
Tiësto,"big room, dance, edm, electro, electronic, electronica, hip hop, house, latin, reggaeton, trance, urbano latino",2,2
Bump J,"drill, hip hop, rap",0,0
Mariah Carey,"christmas, jazz, pop",4,2
Bob Marley & The Wailers,"r&b, reggae, roots reggae",1,0
Muni Long,,1,0
Gino Mella,"argentine trap, chilean mambo, chilean trap, guaracha, hip hop, latin, mambo, reggaeton, reggaeton chileno, trap latino, urbano latino",1,1
Jairo Vera,"argentine trap, chilean mambo, chilean trap, guaracha, hip hop, latin, mambo, reggaeton, reggaeton chileno, trap latino, urbano latino",1,1
Yandel,"argentine trap, chilean mambo, chilean trap, guaracha, hip hop, latin, mambo, reggaeton, reggaeton chileno, trap latino, urbano latino",2,2
Lenny Tavárez,"argentine trap, chilean mambo, chilean trap, guaracha, hip hop, latin, mambo, reggaeton, reggaeton chileno, trap latino, urbano latino",2,2
Best,"argentine trap, chilean mambo, chilean trap, guaracha, hip hop, latin, mambo, reggaeton, reggaeton chileno, trap latino, urbano latino",1,1
Djo,"pop, psychedelic pop",1,0
Trueno,"argentine trap, cuarteto, cumbia, hip hop, latin, trap latino, urbano latino",4,3
Taiu,"argentine trap, hip hop, latin, trap latino, urbano latino",1,1
TATOOL,"argentine trap, hip hop, latin, trap latino, urbano latino",1,1
Julión Álvarez y su Norteño Banda,"banda, corrido, grupera, latin, norteño",2,0
Alec Benjamin,,1,0
Bryson Tiller,r&b,2,0
Dimitri Vegas & Like Mike,"big room, dance, edm, electro, electronic, electronica, hip hop, house, trance",1,1
Dido,"big room, dance, edm, electro, electronic, electronica, hip hop, house, trance",1,1
W&W,"big room, dance, edm, electro, electronic, electronica, hip hop, house, trance",1,1
Dimitri Vegas,"big room, dance, edm, electro, electronic, electronica, hip hop, house, trance",1,1
Like Mike,"big room, dance, edm, electro, electronic, electronica, hip hop, house, trance",1,1
Lazza,"hip hop, italian trap, trap",2,1
Beat Record,devotional,1,0
Morat,"colombian pop, latin pop, pop",1,0
Pharrell Williams,"latin, reggaeton, trap latino, urbano latino",3,2
Twenty One Pilots,,6,2
Joost,"electronic, gabber",1,0
Galantis,"dance, edm, electronic",1,1
5 Seconds of Summer,"dance, edm, electronic",1,1
French Montana,,1,1
Sia,,3,0
AC/DC,"classic rock, hard rock, rock, rock and roll",4,0
Bill Withers,"motown, r&b, soul",1,0
JAY-Z,"east coast hip hop, hip hop, rap",1,1
Charli xcx,"ambient, art pop, dembow, electro corridos, electronic, hyperpop, idm, latin, pop",14,10
Wyclef Jean,"latin, latin pop, pop",1,1
gins&melodies,"hip hop, opm, p-pop, pinoy hip hop, pinoy r&b, pop, r&b",1,1
Hev Abi,"hip hop, opm, p-pop, pinoy hip hop, pinoy r&b, pop, r&b",1,1
Nonna,pop,2,2
Britney Spears,pop,2,0
WALK THE MOON,,1,0
AFROJACK,"big room, edm, electronic, latin, latin dance",1,1
Ne-Yo,"big room, edm, electronic, latin, latin dance",2,2
Nayer,"big room, edm, electronic, latin, latin dance",1,1
Dasha,,3,0
Zeynep Bastık,"hip hop, pop, t-pop, turkish hip hop, turkish pop",1,0
Pressure 9X19,"dembow, hip hop, latin, reggaeton, trap, trap latino, urbano latino",1,1
Anuel AA,"dembow, hip hop, latin, reggaeton, trap, trap latino, urbano latino",3,3
YOVNGCHIMI,"dembow, hip hop, latin, reggaeton, trap, trap latino, urbano latino",1,1
CDobleta,"dembow, hip hop, latin, reggaeton, trap, trap latino, urbano latino",1,1
Oruam,"agronejo, arrocha, brazilian funk, brazilian hip hop, brazilian trap, country, electronic, forró, funk, funk carioca, funk consciente, funk de bh, hip hop, latin, piseiro, r&b, sertanejo, sertanejo universitário, trap, trap funk",2,2
Mc Poze do Rodo,"brazilian funk, brazilian hip hop, brazilian trap, electronic, funk, funk consciente, hip hop, latin, r&b, trap, trap funk",1,1
MC Nego Micha,"brazilian funk, brazilian hip hop, brazilian trap, electronic, funk, funk consciente, hip hop, latin, r&b, trap, trap funk",1,1
Murillo e LT no Beat,"brazilian funk, brazilian hip hop, brazilian trap, electronic, funk, funk consciente, hip hop, latin, r&b, trap, trap funk",2,2
The Cranberries,,2,0
Artemas,,3,0
Beach Weather,,1,0
Foster The People,,1,0
Joel De La P,"banda, corrido, corridos bélicos, corridos tumbados, dembow, electro corridos, latin, música mexicana, sad sierreño, sierreño",3,3
Rick Ross,"hip hop, rap, southern hip hop",1,1
Allison Russell,"folk, folk/acoustic",1,1
Cardi B,"latin, latin pop, pop",1,1
CYRIL,"alternative metal, hard rock, heavy metal, metal, nu metal, rap metal, rock",2,1
ILLIT,"k-pop, pop",1,0
G-Eazy,"electronic, french house, nu disco, r&b",2,0
Christoph Andersson,"electronic, french house, nu disco, r&b",0,0
Dominic Fike,,2,0
Mark Ambor,,3,0
Jungle,,1,0
Camila Cabello,"hip hop, pop, rage rap, rap",2,2
Henry Moodie,,1,0
Tanner Adell,,1,1
Brittney Spencer,,1,1
Tiera Kennedy,,1,1
Reyna Roberts,,1,1
Linda Martell,,1,1
Shaboozey,,4,2
Rumi Carter,,1,1
Willie Nelson,"country, honky tonk, rock, traditional country",1,1
j-hope,"easy listening, hip hop, k-ballad, k-pop, k-rap, pop, soundtrack",2,2
Gaeko,"easy listening, hip hop, k-ballad, k-pop, k-rap, pop, soundtrack",1,1
YOON MIRAE,"easy listening, hip hop, k-ballad, k-pop, k-rap, pop, soundtrack",1,1
Willie Jones,"country hip hop, hip hop",1,1
Dolly Parton,country,3,2
The Academy: Segunda Misión,"argentine trap, hip hop, latin, reggaeton, trap latino, urbano latino",1,1
Sech,"argentine trap, hip hop, latin, reggaeton, trap latino, urbano latino",1,1
Justin Quiles,"argentine trap, hip hop, latin, reggaeton, trap latino, urbano latino",1,1
Dalex,"argentine trap, hip hop, latin, reggaeton, trap latino, urbano latino",1,1
Dímelo Flow,"argentine trap, hip hop, latin, reggaeton, trap latino, urbano latino",1,1
Isabel LaRosa,,1,0
Earth,"disco, r&b",1,1
Wind & Fire,"disco, r&b",1,1
BABYMONSTER,"k-pop, pop",2,0
TOMORROW X TOGETHER,"k-pop, pop",1,0
XXXTENTACION,"cloud rap, emo rap, hip hop",2,1
Ari Lennox,"alternative r&b, crunk, hip hop, neo soul, r&b, rap, southern hip hop, trap",1,1
Young Dro,"alternative r&b, crunk, hip hop, neo soul, r&b, rap, southern hip hop, trap",1,1
Gucci Mane,"alternative r&b, crunk, hip hop, neo soul, r&b, rap, southern hip hop, trap",1,1
Bas,"drill, electronic, grime, hip hop, pop, rap, uk drill",2,2
Cam'ron,"east coast hip hop, hip hop, rap",1,1
Daylyt,"hip hop, rap",1,1
Ab-Soul,"hip hop, rap",1,1
Luis R Conriquez,"banda, corrido, corridos bélicos, corridos tumbados, dembow, electro corridos, latin, música mexicana, sad sierreño, sierreño",5,5
Neton Vega,"banda, corrido, corridos bélicos, corridos tumbados, electro corridos, latin, música mexicana, sad sierreño, sierreño",6,5
NATTAN,"agronejo, arrocha, brega, country, forró, latin, piseiro, seresta, sertanejo, sertanejo universitário",2,1
Bonnie Tyler,,1,0
Skillibeng,"afrobeats, dancehall, hip hop, melodic rap, r&b, traditional music",1,1
Noah Cyrus,,1,0
Lay Bankz,"jersey club, pop",2,0
Chappell Roan,,6,0
Jaxomy,,1,1
Agatino Romero,,1,1
Raffaella Carrà,,1,1
iZaak,"latin, reggaeton, trap latino, urbano latino",1,1
JHAYCO,"latin, reggaeton, trap latino, urbano latino",1,1
Disturbed,"alternative metal, hard rock, heavy metal, metal, nu metal, rap metal, rock",1,1
Ken Carson,"hip hop, rage rap",1,0
Brownstone,"hip hop, new jack swing, r&b, rap",1,1
A$AP Rocky,"cloud rap, electronic, hip hop, rap, witch house",6,4
Lil Baby,"drill, electronic, grime, hip hop, pop, rap, uk drill",2,2
DJ JZ,"arrocha, brega, country, forró, funk, funk de bh, latin, piseiro, r&b, seresta, sertanejo, sertanejo universitário",1,1
Humberto & Ronaldo,"arrocha, brega, country, forró, funk, funk de bh, latin, piseiro, r&b, seresta, sertanejo, sertanejo universitário",1,1
Mc Mininin,"arrocha, brega, country, forró, funk, funk de bh, latin, piseiro, r&b, seresta, sertanejo, sertanejo universitário",1,1
DJ LG PROD,"arrocha, brega, country, forró, funk, funk de bh, latin, piseiro, r&b, seresta, sertanejo, sertanejo universitário",1,1
Silvanno Salles,"arrocha, brega, country, forró, funk, funk de bh, latin, piseiro, r&b, seresta, sertanejo, sertanejo universitário",1,1
Bakar,r&b,1,1
Labrinth,,1,0
Rvssian,"afro soul, afrobeat, afrobeats, afropiano, afropop, latin, pop, r&b, reggaeton, traditional music, trap latino, urbano latino",2,2
Ayra Starr,"afro soul, afrobeat, afrobeats, afropiano, afropop, latin, pop, r&b, reggaeton, traditional music, trap latino, urbano latino",2,2
Bhavi,"argentine trap, hip hop, latin, trap, trap latino, urbano latino",1,1
Seven Kayne,"argentine trap, hip hop, latin, trap, trap latino, urbano latino",1,1
Neo Pistea,"argentine trap, hip hop, latin, trap, trap latino, urbano latino",1,1
The Outfield,,1,0
Florence + The Machine,"baroque pop, pop",1,1
Felipe e Rodrigo,"agronejo, country, latin, sertanejo, sertanejo universitário",2,0
Sevdaliza,"brazilian pop, country, dembow, electronic, funk pop, latin, neoperreo, pop, tecnobrega",2,2
Villano Antillano,"dembow, electronic, latin, neoperreo",1,1
Tokischa,"dembow, electronic, latin, neoperreo",1,1
Reynmen,"hip hop, pop, turkish hip hop, turkish pop",1,0
AYLIVA,"german hip hop, german pop, hip hop, pop",1,1
Apache 207,"german hip hop, german pop, hip hop, pop",1,1
Rels B,"banda, corrido, corridos bélicos, corridos tumbados, latin, música mexicana, reggaeton, sad sierreño, sierreño, trap latino, urbano latino",3,3
Lia Kali,"latin, trap latino, urbano latino",1,1
Tommy Richman,,4,0
Belinda,"banda, corrido, corridos bélicos, corridos tumbados, electro corridos, latin, latin pop, música mexicana, pop, sad sierreño, sierreño",1,1
ZICO,"hip hop, k-pop, k-rap, pop",1,1
Gustavo Moura & Rafael,"latin, sertanejo, sertanejo universitário",1,0
Amy Winehouse,,1,0
MUSIC LAB JPN,,2,0
SEVENTEEN,"k-pop, pop",1,0
Daya,,1,0
Train,"pop, soft pop",2,0
The White Stripes,"alternative rock, blues rock, garage rock, rock",1,0
Billy Joel,"rock, soft rock",1,0
Zé Vaqueiro,"arrocha, brega, country, forró, latin, piseiro, sertanejo",1,0
Bayhan,"arabesk, hip hop, pop, turkish hip hop, turkish pop",1,0
Lithe,,1,0
Dj Agus Lima,"latin, rkt, turreo",1,0
RM,"hip hop, k-pop, k-rap, pop",5,1
Myles Smith,,1,0
Stray Kids,"k-pop, latin, pop, soft pop, trap latino",12,3
Charlie Puth,"k-pop, pop, soft pop",4,4
SAIKO,"flamenco urbano, latin, trap latino, urbano latino",1,1
JC Reyes,"flamenco urbano, latin, trap latino, urbano latino",1,1
Dei V,"flamenco urbano, latin, trap latino, urbano latino",1,1
Nemo,,1,0
Baby Lasagna,,1,0
Slimane,"chanson, easy listening, french pop, pop, variété française",1,0
alyona alyona,,1,1
Jerry Heil,,1,1
Chimbala,"banda, corrido, corridos bélicos, corridos tumbados, dembow, electro corridos, latin, música mexicana, sad sierreño, sierreño",1,1
Van Morrison,,1,0
aespa,"k-pop, pop",6,0
LOVE BGM JPN,,0,0
Ram Sampath,"bangla pop, bollywood, desi, hindi pop, hip hop, pop",1,1
Prashant Pandey,"bangla pop, bollywood, desi, hindi pop, hip hop, pop",1,1
Alvaro Diaz,"latin, reggaeton, urbano latino",1,1
THE BOX,"brazilian funk, brazilian trap, brega funk, electronic, funk, funk consciente, funk de bh, hip hop, latin, pop, r&b, trap, trap funk",1,1
Mc Brinquedo,"brazilian funk, brazilian trap, brega funk, electronic, funk, funk consciente, funk de bh, hip hop, latin, pop, r&b, trap, trap funk",1,1
MC Cebezinho,"brazilian funk, brazilian trap, brega funk, electronic, funk, funk consciente, funk de bh, hip hop, latin, pop, r&b, trap, trap funk",2,2
MC Tuto,"agronejo, arrocha, brazilian funk, brazilian trap, brega funk, country, electronic, forró, funk, funk carioca, funk consciente, funk de bh, hip hop, latin, piseiro, pop, r&b, sertanejo, sertanejo universitário, trap, trap funk",4,4
Mc Laranjinha,"brazilian funk, brazilian trap, brega funk, electronic, funk, funk consciente, funk de bh, hip hop, latin, pop, r&b, trap, trap funk",1,1
DJ Oreia,"brazilian funk, brazilian trap, brega funk, electronic, funk, funk consciente, funk de bh, hip hop, latin, pop, r&b, trap, trap funk",2,2
TOTO,"rock, soft rock",2,0
Cyndi Lauper,,1,0
DJ TOPO,"brazilian funk, funk, funk carioca, funk de bh, hip hop, latin, mpb, pagode, r&b, samba",2,2
Seu Jorge,"brazilian funk, funk, funk de bh, hip hop, latin, mpb, pagode, r&b, samba",1,1
Mc Leozin,"brazilian funk, funk, funk de bh, hip hop, latin, mpb, pagode, r&b, samba",1,1
MC G15,"brazilian funk, funk, funk de bh, hip hop, latin, mpb, pagode, r&b, samba",1,1
leftovermax,,1,0
Øneheart,"dark ambient, electronic",1,1
reidenshi,"dark ambient, electronic",1,1
Eurythmics,"new wave, pop, rock, synthpop",1,1
Annie Lennox,"new wave, pop, rock, synthpop",1,1
Dave Stewart,"new wave, pop, rock, synthpop",1,1
Halsey,,1,1
Lewis Somes,"chilean trap, hip hop, latin, reggaeton chileno",2,2
Red Hot Chili Peppers,"alternative rock, funk rock, rock",2,0
Murilo Huff,"agronejo, arrocha, country, latin, piseiro, sertanejo, sertanejo universitário",1,1
System Of A Down,"alternative metal, metal, nu metal, rap metal, rock",2,0
Akon,"hip hop, rap",1,1
Los Ángeles Azules,"argentine trap, cumbia, cumbia sonidera, hip hop, latin, salsa",1,1
Gracie Abrams,,9,1
Tinashe,"alternative r&b, r&b",1,0
ERNEST,country,2,2
dj sv,"arrocha, country, forró, funk, funk de bh, latin, piseiro, r&b, seresta",1,1
Doug Hits,"arrocha, country, forró, funk, funk de bh, latin, piseiro, r&b, seresta",1,1
Manim Vaqueiro,"arrocha, country, forró, funk, funk de bh, latin, piseiro, r&b, seresta",1,1
Tony Effe,"hip hop, italian trap",1,1
Gaia,"hip hop, italian trap",1,1
DJ Glenner,"brazilian funk, brazilian trap, electronic, funk, funk consciente, hip hop, latin, r&b, trap funk",2,2
Dj Luan Gomes,"funk, funk de bh, r&b",1,0
DJ JOÃO PEREIRA,"brazilian funk, funk, funk de bh, hip hop, r&b",1,1
Mc Dudu Sk,"brazilian funk, funk, funk de bh, hip hop, r&b",1,1
MC TH DA SERRA,"brazilian funk, funk, funk de bh, hip hop, r&b",1,1
DALÃMA,"brazilian funk, funk, funk de bh, hip hop, r&b",1,1
Maki,"easy listening, harana, kundiman, opm, p-pop, pinoy indie, pinoy r&b, pop, r&b, traditional music",1,0
Lost Frequencies,"electronic, pop, soft pop, tropical house",2,2
Calum Scott,"electronic, pop, soft pop, tropical house",1,1
Luísa Sonza,"brazilian hip hop, brazilian pop, brazilian trap, electronic, funk, funk pop, hip hop, pop, r&b, trap, trap funk",1,1
KayBlack,"brazilian hip hop, brazilian pop, brazilian trap, electronic, funk, funk pop, hip hop, pop, r&b, trap, trap funk",1,1
Koe Wetzel,"country, country rock, red dirt, rock, texas country",1,1
Jessie Murph,"country, country rock, red dirt, rock, texas country",1,1
Nueva H,"banda, corrido, corridos bélicos, corridos tumbados, electro corridos, latin, música mexicana, sad sierreño, sierreño",2,2
Offset,"emo rap, hip hop, melodic rap",2,2
Kodak Black,,1,1
$uicideboy$,"cloud rap, dark trap, emo rap, hip hop, horrorcore, punk rap, underground hip hop",1,0
Charlie Wilson,"jersey club, pop, sexy drill",1,1
Cash Cobain,"jersey club, pop, sexy drill",1,1
Adam Port,"afro house, electronic, house, melodic house",1,1
Stryv,"afro house, electronic, house, melodic house",1,1
Keinemusik,"afro house, electronic, house, melodic house",1,1
Orso,"afro house, electronic, house, melodic house",1,1
Malachiii,"afro house, electronic, house, melodic house",1,1
Kings of Leon,"modern rock, rock",1,0
Blake Shelton,country,3,3
Lorde,"art pop, hyperpop, pop",1,1
Mustard,"hip hop, rap",1,1
Ivan Cornejo,"banda, corrido, corridos bélicos, corridos tumbados, electro corridos, latin, música mexicana, sad sierreño, sierreño",1,1
Jasiel Nuñez,"banda, corrido, corridos bélicos, corridos tumbados, electro corridos, latin, música mexicana, sad sierreño",1,1
Estevan Plazola,"banda, corrido, corridos bélicos, corridos tumbados, electro corridos, latin, música mexicana, sad sierreño",1,1
Brandy,"pop, r&b",1,1
Monica,"pop, r&b",1,1
Jordan Adetunji,sexy drill,3,0
Foo Fighters,"alternative rock, grunge, metal, modern rock, post-grunge, rock",1,0
Ellie Goulding,"edm, electronic",1,1
Loco,"hip hop, k-pop, k-rap, pop",2,2
LISA,"k-pop, latin, pop",4,1
Kelsea Ballerini,country,1,1
Pabllo Vittar,"brazilian pop, country, funk pop, pop, tecnobrega",1,1
Yseult,"brazilian pop, country, funk pop, pop, tecnobrega",1,1
Ovy On The Drums,"latin, reggaeton, trap latino, urbano latino",5,5
Gorillaz,,1,0
Tame Impala,"indie, pop, psychedelic pop, rock",1,0
Big Sean,"hip hop, rap",3,3
BabyTron,"hip hop, rap",2,2
Nickelback,"metal, post-grunge, rock",1,0
Ella Langley,country,1,1
Riley Green,country,1,1
Quavo,,1,1
Yuki Chiba,"hip hop, j-rap",1,1
Bruce Springsteen,,2,0
Katy Perry,pop,4,0
Daryl Hall & John Oates,"rock, soft rock",2,0
John Mayer,"country, folk/acoustic, red dirt, singer-songwriter",1,1
Childish Gambino,,3,0
CountryBeat,"agronejo, country, latin, sertanejo",1,1
Félix,"agronejo, country, latin, sertanejo",1,1
Léo Souzza,"agronejo, country, latin, sertanejo",1,1
Karan Aujla,"bhangra, desi, desi hip hop, hip hop, pop, punjabi hip hop, punjabi pop, traditional music",2,0
White Gold,"hip hop, rap",2,2
Sly Pyper,"hip hop, rap",2,2
Dem Jointz,"hip hop, rap",1,1
Jelly Roll,"country, country hip hop, hip hop, rap",2,2
Skylar Grey,"hip hop, rap",1,1
Ez Mil,"hip hop, pinoy hip hop, pinoy r&b, r&b, rap",1,1
ENHYPEN,"k-pop, pop",1,0
Ryan Castro,"banda, corrido, corridos bélicos, corridos tumbados, electro corridos, latin, música mexicana, reggaeton, sad sierreño, urbano latino",3,3
SOG,"banda, corrido, corridos bélicos, corridos tumbados, electro corridos, latin, música mexicana, reggaeton, sad sierreño",2,2
Maria Becerra,"argentine trap, cuarteto, cumbia, hip hop, latin",2,2
Lomiiel,"dembow, latin",1,0
Kapo,"latin, latin afrobeat, reggaeton",3,1
Sofia Carson,"k-pop, pop",1,1
Boza,"latin, latin r&b, r&b, reggaeton, urbano latino",1,1
ELENA ROSE,"latin, latin r&b, r&b, reggaeton, urbano latino",1,1
Dionela,"harana, hip hop, opm, p-pop, pinoy hip hop, pinoy r&b, pop, r&b, traditional music",2,1
Jay R,"harana, hip hop, opm, p-pop, pinoy hip hop, pinoy r&b, pop, r&b, traditional music",1,1
Sal Priadi,"indonesian indie, indonesian pop, pop, rock",1,0
Alphaville,"pop, synthpop",1,0
Kenia OS,"banda, corrido, corridos bélicos, corridos tumbados, electro corridos, latin, música mexicana, reggaeton mexa, sad sierreño",1,1
*NSYNC,,2,0
Gordo,"afro house, electronic, hip hop, latin house, rap",1,1
Otis Redding,"blues, motown, r&b, soul, soul blues",2,0
Backstreet Boys,,2,0
Hanumankind,"desi hip hop, hip hop, malayalam hip hop",1,1
Kalmi,"desi hip hop, hip hop, malayalam hip hop",1,1
Dudy Oris,"indonesian pop, pop",1,0
Daniel Caesar,r&b,4,4
H.E.R.,r&b,1,1
La Oreja de Van Gogh,"latin pop, pop",1,0
Jessica Pratt,"hip hop, rap",1,1
Asake,"afro adura, afrobeat, afrobeats, afropiano, afropop, afroswing, amapiano, azonto, dancehall, electronic, hip hop, pop, r&b, rap, traditional music",3,3
J Balvin,"latin, reggaeton, urbano latino",2,2
Grelo,"arrocha, brega, country, forró, latin, piseiro, seresta, sertanejo",1,0
Clayton & Romário,"agronejo, arrocha, country, latin, sertanejo, sertanejo universitário",1,0
Traia Véia,"agronejo, country, latin, piseiro, sertanejo, sertanejo universitário",1,1
Bernadya,"indonesian indie, indonesian pop, pop, rock",4,0
P!nk,,1,1
Nate Ruess,,1,1
Guns N' Roses,"classic rock, glam metal, hard rock, metal, rock",1,0
ROSALÍA,"k-pop, latin, pop",1,1
Tim McGraw,country,1,1
Chris Stapleton,country,1,1
Hank Williams,"country, country rock, honky tonk, rock, southern rock",1,1
Jr.,"country, country rock, honky tonk, rock, southern rock",1,1
Brad Paisley,country,1,1
Lainey Wilson,country,1,1
Jorge & Mateus,"agronejo, arrocha, country, latin, sertanejo, sertanejo universitário",1,1
Henrique & Juliano,"agronejo, arrocha, country, latin, sertanejo, sertanejo universitário",3,1
HARDY,"country, country rock, rock",1,1
Sierra Ferrell,"alt country, americana, bluegrass, country",1,1
Kaique e Felipe,"agronejo, country, latin, piseiro, sertanejo, sertanejo universitário",1,1
Gigi Perez,,2,0
PinkPantheress,"bedroom pop, pop",1,0
Alex Warren,,3,0
KALEO,,1,0
Little Simz,"afrobeat, afrobeats, afropiano, afropop, afroswing, dancehall, latin pop, pop, r&b, traditional music",2,2
Elyanna,"afrobeat, afrobeats, afropiano, afropop, afroswing, dancehall, latin pop, pop, r&b, traditional music",2,2
Maisak,"latin, reggaeton, urbano latino",1,1
Rich Homie Quan,"hip hop, melodic rap, rap, southern hip hop, trap",1,1
The 1975,"ambient, art pop, electronic, hip hop, hyperpop, idm, pop, rap",2,2
Mari Fernandez,"agronejo, arrocha, country, forró, latin, piseiro, sertanejo, sertanejo universitário",1,1
Zé Felipe,"agronejo, arrocha, brazilian funk, brazilian trap, brega, country, electronic, forró, funk, funk carioca, funk consciente, funk de bh, hip hop, latin, piseiro, r&b, seresta, sertanejo, sertanejo universitário, trap, trap funk",3,3
Sachin-Jigar,"bangla pop, bollywood, desi, gujarati garba, gujarati pop, hindi pop, hip hop, jazz, pop",1,1
Madhubanti Bagchi,"bangla pop, bollywood, desi, gujarati garba, gujarati pop, hindi pop, hip hop, jazz, pop",1,1
Divya Kumar,"bangla pop, bollywood, desi, gujarati garba, gujarati pop, hindi pop, hip hop, jazz, pop",1,1
Amitabh Bhattacharya,"bangla pop, bollywood, desi, gujarati garba, gujarati pop, hindi pop, hip hop, jazz, pop",1,1
El Padrinito Toys,"corrido, corridos bélicos, corridos tumbados, electro corridos, latin",1,0
Oasis,"britpop, madchester, pop, rock",4,0
Ícaro e Gilmar,"agronejo, country, latin, piseiro, sertanejo, sertanejo universitário",1,1
O REI DA BATIDINHA,"agronejo, arrocha, brega, country, forró, latin, piseiro, seresta, sertanejo, sertanejo universitário",1,1
KATSEYE,"k-pop, pop",1,0
Surf Curse,"indie, rock",2,0
Addison Rae,,1,0
HUGEL,"afro house, electronic, latin house, tech house",1,1
Topic,"afro house, electronic, latin house, tech house",1,1
Arash,"afro house, electronic, latin house, tech house",1,1
Daecolm,"afro house, electronic, latin house, tech house",1,1
Matuê,"brazilian hip hop, brazilian trap, electronic, hip hop, trap, trap funk",3,2
Veigh,"brazilian hip hop, brazilian trap, electronic, hip hop, trap, trap funk",1,1
Teto,"brazilian hip hop, brazilian trap, electronic, hip hop, trap, trap funk",1,1
Troye Sivan,"art pop, hyperpop, pop",2,2
LOUKI,"chilean mambo, chilean trap, hip hop, latin, reggaeton, reggaeton chileno",1,1
Odetari,"hyperpop, jersey club, nightcore, pop",1,0
Dhruv,,1,0
Ndotz,,1,0
Sfera Ebbasta,"hip hop, italian trap, trap",1,1
Victor Mendivil,"banda, corrido, corridos bélicos, corridos tumbados, dembow, electro corridos, latin, música mexicana, sad sierreño",1,1
girl in red,"bedroom pop, pop",1,0
HUMBE,,1,0
Omar Courtz,,1,1
De La Rose,,1,1
Valentino Merlo,"cuarteto, cumbia, latin, rkt, turreo",1,1
The La Planta,"cuarteto, cumbia, latin, rkt, turreo",1,1
Crowded House,,1,0
Lil Peep,"cloud rap, emo rap, hip hop",1,1
Imogen Heap,"cloud rap, electronic, hip hop, rap, witch house",1,1
Clams Casino,"cloud rap, electronic, hip hop, rap, witch house",1,1
Kesha,,3,1
Patrick Watson,,1,0
KSI,"hip hop, melodic rap",1,1
Trippie Redd,"hip hop, melodic rap",1,1
Jin,"k-ballad, k-pop, pop",11,1
Jon Hopkins,"ambient, art pop, electronic, hyperpop, idm, pop",1,1
Bb trickz,"art pop, dembow, electro corridos, hyperpop, latin, pop",1,1
Shygirl,"art pop, hyperpop, pop",1,1
Caroline Polachek,"art pop, hyperpop, pop",1,1
Capital Cities,,1,0
ROSÉ,"k-pop, pop",11,2
benny blanco,"emo rap, hip hop, latin, melodic rap, rap, reggaeton, trap latino, urbano latino",2,2
W Sound,"latin, reggaeton, urbano latino",1,1
Love Funk,"electronic, funk, funk consciente, latin, r&b, trap funk",1,1
Mc Kako,"electronic, funk, funk consciente, latin, r&b, trap funk",1,1
Léo Foguete,"agronejo, arrocha, country, forró, latin, piseiro, seresta, sertanejo",2,0
Teezo Touchdown,,1,1
GloRilla,"hip hop, rap",2,2
Lil Wayne,"hip hop, rap",1,1
ScHoolboy Q,,1,1
Santigold,,1,1
LaToiya Williams,,1,1
Lola Young,,2,1
Doechii,,1,1
The Marías,"bedroom pop, pop",1,0
Ray Parker Jr.,,1,0
Bobby  Boris  Pickett,,0,0
The Crypt-Kickers,,1,1
The Citizens of Halloween,,1,0
Rockwell,,1,0
Andrew Gold,,2,0
Rick James,"disco, funk, motown, r&b",1,0
Talking Heads,"new wave, post-punk, rock",1,0
Evanescence,"alternative metal, metal",1,0
Ghost,"hard rock, metal, rock",1,0
John Carpenter,,1,1
Cody Carpenter,,1,1
Daniel Davies,,1,1
Sam Smith,"pop, soft pop",3,2
Kim Petras,"pop, soft pop",1,1
Lil Uzi Vert,"hip hop, melodic rap",8,1
Duki,"argentine trap, hip hop, latin, reggaeton, trap, trap latino, urbano latino",1,1
Big Time Rush,"hip hop, melodic rap",1,1
Wham!,"christmas, jazz",2,0
DFZM,"latin, reggaeton, urbano latino",1,1
Dedublüman,"arabesk, pop, t-pop, turkish pop",1,1
Aleyna Tilki,"arabesk, pop, t-pop, turkish pop",1,1
Brenda Lee,"christmas, jazz",2,0
Bobby Helms,"christmas, jazz",2,0
FireVRMusic,,0,0
Maiara & Maraisa,"arrocha, country, latin, piseiro, sertanejo, sertanejo universitário",1,0
Laufey,,3,0
Chezile,,1,0
MC LUUKY,"electronic, funk, funk consciente, latin, r&b, trap funk",2,2
DJ JB Mix,"electronic, funk, funk consciente, latin, r&b, trap funk",2,2
Laura Pausini,"italo dance, latin, latin pop, pop, reggaeton, trap latino, urbano latino",1,1
Romeo Santos,"bachata, bachata pop, latin, pop, reggaeton, trap latino, urbano latino",1,1
Marconi Impara,"latin, reggaeton, trap latino, urbano latino",1,1
Yan Block,"latin, reggaeton, trap latino, urbano latino",1,1
WENDY,"k-ballad, k-pop, pop",1,1
Alexis y Fido,"latin, reggaeton, trap latino, urbano latino",1,1
Mr. Naisgai,"latin, reggaeton, trap latino, urbano latino",1,1
LATIN MAFIA,"latin, latin r&b, r&b, reggaeton, trap latino, urbano latino",1,1
Dean Martin,"adult standards, big band, christmas, easy listening, jazz, swing music",5,0
Andy Williams,"christmas, jazz",2,0
Michael Bublé,"christmas, classical, country, easy listening, electro swing, jazz, musicals, swing music",14,4
Kelly Clarkson,"christmas, jazz, pop",2,1
Dody6,"hip hop, west coast hip hop",2,2
Lefty Gunplay,"hip hop, mexican hip hop, west coast hip hop",2,2
Wallie the Sensei,"hip hop, melodic rap, west coast hip hop",2,2
Siete7x,"hip hop, melodic rap, west coast hip hop",2,2
Az Chike,"hip hop, hyphy, west coast hip hop",2,2
Hitta J3,"hip hop, west coast hip hop",2,2
YoungThreat,"hip hop, west coast hip hop",2,2
Peysoh,"hip hop, west coast hip hop",2,2
Aitana,"latin, reggaeton",1,1
Cynthia Erivo,"classical, musicals, pop",2,2
José Feliciano,"bolero, christmas, jazz, latin",1,0
The Ronettes,"christmas, jazz",2,0
John Williams,"easy listening, soundtrack",1,0
Perry Como,"adult standards, christmas, easy listening, jazz",2,1
The Fontane Sisters,"adult standards, christmas, easy listening, jazz",1,1
Mitchell Ayres & His Orchestra,"adult standards, christmas, easy listening, jazz",1,1
Nat King Cole,"adult standards, christmas, easy listening, jazz, vocal jazz",4,0
Arcane,"blues, blues rock, chamber pop, chanson, easy listening, french pop, k-pop, latin, modern blues, pop, rock, trap latino",10,10
League of Legends,"blues, blues rock, chamber pop, chanson, easy listening, french pop, k-pop, latin, modern blues, pop, rock, trap latino",5,5
Stromae,"chanson, easy listening, french pop, pop",1,1
Pomme,"chanson, easy listening, french pop, pop",1,1
Woodkid,"chamber pop, pop",1,1
Bing Crosby,"big band, christmas, easy listening, jazz, k-pop, pop, swing music",9,4
Ken Darby Singers,"christmas, jazz",1,1
John Scott Trotter & His Orchestra,"christmas, jazz",1,1
Ashnikko,,1,1
Tom Morello,"k-pop, latin, pop, trap latino",1,1
Marcus King,"blues, blues rock, modern blues, rock",1,1
Park Hyo Shin,"k-ballad, k-pop, pop",1,1
Gazo,"drill, hip hop, pop urbaine",1,0
John Lennon,"christmas, jazz",1,1
Yoko Ono,"christmas, jazz",1,1
Paul McCartney,,1,0
Shakin' Stevens,"christmas, jazz, rock, rockabilly",1,0
Frank Sinatra,"adult standards, big band, christmas, easy listening, jazz, swing music, vocal jazz",7,1
Darlene Love,"christmas, jazz",2,0
Chris Rea,"christmas, jazz",1,0
Chuck Berry,"rock, rock and roll, rockabilly",1,0
Elvis Presley,"rock, rock and roll, rockabilly",2,0
Pentatonix,"christmas, jazz",2,0
Eartha Kitt,"christmas, easy listening, exotica, jazz",1,1
Henri René and His Orchestra,"christmas, easy listening, exotica, jazz",1,1
The Andrews Sisters,"big band, christmas, easy listening, jazz, swing music",2,2
Brenno & Matheus,"agronejo, country, latin, piseiro, sertanejo, sertanejo universitário",1,1
DJ Ari SL,"agronejo, country, latin, piseiro, sertanejo, sertanejo universitário",1,1
The Pogues,"celtic, celtic rock, christmas, folk punk, folk/acoustic, jazz, rock, traditional music",1,1
Kirsty MacColl,"celtic, celtic rock, christmas, folk punk, folk/acoustic, jazz, rock, traditional music",1,1
Band Aid,"christmas, jazz",1,0
Gene Autry,"christmas, jazz",2,0
Burl Ives,"christmas, jazz",5,0
yung kai,,1,0
Chase Atlantic,,1,0
Vince Guaraldi Trio,"christmas, jazz",3,0
The Beach Boys,"baroque pop, pop",1,0
Eagles,"classic rock, rock, soft rock",1,0
King Princess,,1,1
Davido,"afro adura, afro soul, afrobeat, afrobeats, afropiano, afropop, afroswing, alté, amapiano, azonto, electronic, hiplife, pop, r&b, traditional music",1,1
ODUMODUBLVCK,"afro adura, afro soul, afrobeat, afrobeats, afropiano, afropop, afroswing, alté, amapiano, azonto, electronic, hiplife, pop, r&b, traditional music",1,1
Chike,"afro adura, afro soul, afrobeat, afrobeats, afropiano, afropop, afroswing, alté, amapiano, azonto, electronic, hiplife, pop, r&b, traditional music",1,1
Jorsshh,"banda, corrido, corridos bélicos, corridos tumbados, electro corridos, latin, música mexicana, sad sierreño, sierreño",1,1
Idina Menzel,"christmas, classical, jazz, musicals",1,1
Gwen Stefani,country,1,1
B. Swanson Quartet,"adult standards, big band, christmas, easy listening, jazz, swing music, vocal jazz",1,1
NLE Choppa,,1,0
The Moonglows,"blues, doo-wop",1,0
Danny Ocean,"latin, latin afrobeat, reggaeton",1,1
Nilo,"brazilian funk, brazilian trap, electronic, funk, funk carioca, funk consciente, hip hop, latin, r&b, trap funk",1,1
Mc Paiva ZS,"brazilian funk, brazilian trap, electronic, funk, funk carioca, funk consciente, hip hop, latin, r&b, trap funk",1,1
DJ Di Marques,"brazilian funk, brazilian trap, electronic, funk, funk carioca, funk consciente, hip hop, latin, r&b, trap funk",1,1
FamousKyo,"brazilian funk, brazilian trap, electronic, funk, funk carioca, funk consciente, hip hop, latin, r&b, trap funk",1,1
The Weavers,"christmas, jazz",2,0
Alleh,,2,2
Yorghaki,,2,2
Jonas Brothers,,1,0
J. Eskine,"arrocha, country, forró, latin, piseiro, seresta",1,1
Alef Donk,"arrocha, country, forró, latin, piseiro, seresta",1,1
Mc Livinho,"brazilian funk, funk, funk carioca, hip hop, r&b",1,1
Meghan Trainor,"christmas, country, jazz",2,1
Céline Dion,variété française,1,0
Donny Hathaway,"r&b, soul",1,0
Ella Fitzgerald,"big band, blues, christmas, easy listening, jazz, jazz blues, swing music, vocal jazz",2,0
Dj Lc da Roça,"agronejo, arrocha, brazilian funk, brazilian trap, country, electronic, forró, funk, funk carioca, funk consciente, funk de bh, hip hop, latin, piseiro, r&b, sertanejo, sertanejo universitário, trap, trap funk",1,1
MC K9,"agronejo, arrocha, brazilian funk, brazilian trap, country, electronic, forró, funk, funk carioca, funk consciente, funk de bh, hip hop, latin, piseiro, r&b, sertanejo, sertanejo universitário, trap, trap funk",1,1
Mc Rodrigo do CN,"agronejo, arrocha, brazilian funk, brazilian trap, country, electronic, forró, funk, funk carioca, funk consciente, funk de bh, hip hop, latin, piseiro, r&b, sertanejo, sertanejo universitário, trap, trap funk",1,1
mc pl alves,"agronejo, arrocha, brazilian funk, brazilian trap, country, electronic, forró, funk, funk carioca, funk consciente, funk de bh, hip hop, latin, piseiro, r&b, sertanejo, sertanejo universitário, trap, trap funk",1,1
The Jackson 5,"christmas, jazz, motown, r&b",2,0
Leona Lewis,,1,0
Melanie Thornton,"christmas, jazz",1,0
Slade,"christmas, glam rock, jazz, rock",1,0
The Puppini Sisters,"christmas, easy listening, electro swing, jazz, swing music",2,2
Wizzard,"christmas, glam rock, jazz, rock",1,0
Bryan Adams,,1,0
Brett Eldredge,"christmas, country, jazz",1,1
Kylie Minogue,"dance pop, pop",1,0
Stevie Wonder,"motown, neo soul, pop, r&b, soft pop, soul",3,1
Cher,,1,0
Glee Cast,"christmas, jazz",1,0
Boney M.,"disco, r&b",1,0
Shania Twain,"christmas, country, jazz",1,1
Tony Bennett,"adult standards, big band, christmas, easy listening, jazz, vocal jazz",1,0
Jennifer Hudson,"christmas, jazz, pop",1,1
Trans-Siberian Orchestra,"christmas, jazz",1,0
Mud,"christmas, glam rock, jazz, rock",1,0
Luis Miguel,"bolero, latin, latin pop, mariachi, pop",1,0
Destiny's Child,,1,0
Gayla Peevey,"christmas, jazz",1,0
Pretenders,,1,0
Run–D.M.C.,"east coast hip hop, hip hop",1,0
Bleachers,,1,0
Clyde McPhatter & The Drifters,"christmas, jazz",1,0
Judy Garland,"christmas, jazz",1,0
Johnny Mathis,"christmas, jazz",1,0
Naughty Boy,"pop, soft pop",1,1
Andmesh,"indonesian pop, malay, malay pop, pop",1,0
Clave Especial,"banda, corrido, corridos bélicos, corridos tumbados, electro corridos, latin, música mexicana, sad sierreño, sierreño",1,1
Beéle,"latin, reggaeton",1,1
Mark Ronson,,1,1
Nelly Furtado,,1,1
Timbaland,,1,1
